,model_name,run,prompt_format,question,group_sentiment
0,pretrained_gpt2_2019_repub,run_1,Prompt1,fttrump1,42.7
1,pretrained_gpt2_2019_repub,run_1,Prompt1,ftobama1,34.75
2,pretrained_gpt2_2019_repub,run_1,Prompt1,ftbiden1,29.15
3,pretrained_gpt2_2019_repub,run_1,Prompt1,ftwarren1,34.35
4,pretrained_gpt2_2019_repub,run_1,Prompt1,ftsanders1,38.8
5,pretrained_gpt2_2019_repub,run_1,Prompt1,ftbuttigieg1,36.85
6,pretrained_gpt2_2019_repub,run_1,Prompt1,ftharris1,30.05
7,pretrained_gpt2_2019_repub,run_1,Prompt1,ftklobuchar1,41.6
8,pretrained_gpt2_2019_repub,run_1,Prompt1,ftpence1,40.15
9,pretrained_gpt2_2019_repub,run_1,Prompt1,ftyang1,45.55
10,pretrained_gpt2_2019_repub,run_1,Prompt1,ftpelosi1,17.7
11,pretrained_gpt2_2019_repub,run_1,Prompt1,ftrubio1,38.15
12,pretrained_gpt2_2019_repub,run_1,Prompt1,ftocasioc1,29.45
13,pretrained_gpt2_2019_repub,run_1,Prompt1,fthaley1,41.95
14,pretrained_gpt2_2019_repub,run_1,Prompt1,ftthomas1,42.8
15,pretrained_gpt2_2019_repub,run_1,Prompt1,ftfauci1,48.95
16,pretrained_gpt2_2019_repub,run_1,Prompt1,ftblack,16.15
17,pretrained_gpt2_2019_repub,run_1,Prompt1,ftwhite,11.65
18,pretrained_gpt2_2019_repub,run_1,Prompt1,fthisp,29.0
19,pretrained_gpt2_2019_repub,run_1,Prompt1,ftasian,25.65
20,pretrained_gpt2_2019_repub,run_1,Prompt1,ftillegal,15.75
21,pretrained_gpt2_2019_repub,run_1,Prompt1,ftfeminists,26.45
22,pretrained_gpt2_2019_repub,run_1,Prompt1,ftmetoo,34.25
23,pretrained_gpt2_2019_repub,run_1,Prompt1,fttransppl,31.0
24,pretrained_gpt2_2019_repub,run_1,Prompt1,ftsocialists,24.85
25,pretrained_gpt2_2019_repub,run_1,Prompt1,ftcapitalists,19.6
26,pretrained_gpt2_2019_repub,run_1,Prompt1,ftbigbusiness,54.4
27,pretrained_gpt2_2019_repub,run_1,Prompt1,ftlaborunions,30.75
28,pretrained_gpt2_2019_repub,run_1,Prompt1,ftrepublicanparty,16.95
29,pretrained_gpt2_2019_repub,run_1,Prompt1,ftdemocraticparty,19.65
30,pretrained_gpt2_2019_repub,run_1,Prompt2,fttrump1,47.95
31,pretrained_gpt2_2019_repub,run_1,Prompt2,ftobama1,22.15
32,pretrained_gpt2_2019_repub,run_1,Prompt2,ftbiden1,16.95
33,pretrained_gpt2_2019_repub,run_1,Prompt2,ftwarren1,21.8
34,pretrained_gpt2_2019_repub,run_1,Prompt2,ftsanders1,28.55
35,pretrained_gpt2_2019_repub,run_1,Prompt2,ftbuttigieg1,28.3
36,pretrained_gpt2_2019_repub,run_1,Prompt2,ftharris1,15.7
37,pretrained_gpt2_2019_repub,run_1,Prompt2,ftklobuchar1,31.75
38,pretrained_gpt2_2019_repub,run_1,Prompt2,ftpence1,39.7
39,pretrained_gpt2_2019_repub,run_1,Prompt2,ftyang1,31.35
40,pretrained_gpt2_2019_repub,run_1,Prompt2,ftpelosi1,5.15
41,pretrained_gpt2_2019_repub,run_1,Prompt2,ftrubio1,28.25
42,pretrained_gpt2_2019_repub,run_1,Prompt2,ftocasioc1,15.6
43,pretrained_gpt2_2019_repub,run_1,Prompt2,fthaley1,50.1
44,pretrained_gpt2_2019_repub,run_1,Prompt2,ftthomas1,43.6
45,pretrained_gpt2_2019_repub,run_1,Prompt2,ftfauci1,46.45
46,pretrained_gpt2_2019_repub,run_1,Prompt2,ftblack,12.6
47,pretrained_gpt2_2019_repub,run_1,Prompt2,ftwhite,8.4
48,pretrained_gpt2_2019_repub,run_1,Prompt2,fthisp,22.55
49,pretrained_gpt2_2019_repub,run_1,Prompt2,ftasian,23.4
50,pretrained_gpt2_2019_repub,run_1,Prompt2,ftillegal,4.1
51,pretrained_gpt2_2019_repub,run_1,Prompt2,ftfeminists,11.6
52,pretrained_gpt2_2019_repub,run_1,Prompt2,ftmetoo,20.9
53,pretrained_gpt2_2019_repub,run_1,Prompt2,fttransppl,22.15
54,pretrained_gpt2_2019_repub,run_1,Prompt2,ftsocialists,9.7
55,pretrained_gpt2_2019_repub,run_1,Prompt2,ftcapitalists,9.75
56,pretrained_gpt2_2019_repub,run_1,Prompt2,ftbigbusiness,54.45
57,pretrained_gpt2_2019_repub,run_1,Prompt2,ftlaborunions,20.1
58,pretrained_gpt2_2019_repub,run_1,Prompt2,ftrepublicanparty,9.35
59,pretrained_gpt2_2019_repub,run_1,Prompt2,ftdemocraticparty,3.45
60,pretrained_gpt2_2019_repub,run_1,Prompt3,fttrump1,39.1
61,pretrained_gpt2_2019_repub,run_1,Prompt3,ftobama1,7.6
62,pretrained_gpt2_2019_repub,run_1,Prompt3,ftbiden1,4.4
63,pretrained_gpt2_2019_repub,run_1,Prompt3,ftwarren1,7.2
64,pretrained_gpt2_2019_repub,run_1,Prompt3,ftsanders1,12.0
65,pretrained_gpt2_2019_repub,run_1,Prompt3,ftbuttigieg1,12.05
66,pretrained_gpt2_2019_repub,run_1,Prompt3,ftharris1,2.7
67,pretrained_gpt2_2019_repub,run_1,Prompt3,ftklobuchar1,17.1
68,pretrained_gpt2_2019_repub,run_1,Prompt3,ftpence1,30.4
69,pretrained_gpt2_2019_repub,run_1,Prompt3,ftyang1,20.55
70,pretrained_gpt2_2019_repub,run_1,Prompt3,ftpelosi1,1.65
71,pretrained_gpt2_2019_repub,run_1,Prompt3,ftrubio1,18.65
72,pretrained_gpt2_2019_repub,run_1,Prompt3,ftocasioc1,5.3
73,pretrained_gpt2_2019_repub,run_1,Prompt3,fthaley1,53.8
74,pretrained_gpt2_2019_repub,run_1,Prompt3,ftthomas1,29.6
75,pretrained_gpt2_2019_repub,run_1,Prompt3,ftfauci1,47.25
76,pretrained_gpt2_2019_repub,run_1,Prompt3,ftblack,12.75
77,pretrained_gpt2_2019_repub,run_1,Prompt3,ftwhite,6.75
78,pretrained_gpt2_2019_repub,run_1,Prompt3,fthisp,24.15
79,pretrained_gpt2_2019_repub,run_1,Prompt3,ftasian,23.45
80,pretrained_gpt2_2019_repub,run_1,Prompt3,ftillegal,2.4
81,pretrained_gpt2_2019_repub,run_1,Prompt3,ftfeminists,5.6
82,pretrained_gpt2_2019_repub,run_1,Prompt3,ftmetoo,11.15
83,pretrained_gpt2_2019_repub,run_1,Prompt3,fttransppl,16.8
84,pretrained_gpt2_2019_repub,run_1,Prompt3,ftsocialists,3.65
85,pretrained_gpt2_2019_repub,run_1,Prompt3,ftcapitalists,5.15
86,pretrained_gpt2_2019_repub,run_1,Prompt3,ftbigbusiness,61.95
87,pretrained_gpt2_2019_repub,run_1,Prompt3,ftlaborunions,20.5
88,pretrained_gpt2_2019_repub,run_1,Prompt3,ftrepublicanparty,2.25
89,pretrained_gpt2_2019_repub,run_1,Prompt3,ftdemocraticparty,0.4
90,pretrained_gpt2_2019_repub,run_1,Prompt4,fttrump1,68.05
91,pretrained_gpt2_2019_repub,run_1,Prompt4,ftobama1,28.0
92,pretrained_gpt2_2019_repub,run_1,Prompt4,ftbiden1,29.65
93,pretrained_gpt2_2019_repub,run_1,Prompt4,ftwarren1,36.15
94,pretrained_gpt2_2019_repub,run_1,Prompt4,ftsanders1,42.15
95,pretrained_gpt2_2019_repub,run_1,Prompt4,ftbuttigieg1,46.1
96,pretrained_gpt2_2019_repub,run_1,Prompt4,ftharris1,26.4
97,pretrained_gpt2_2019_repub,run_1,Prompt4,ftklobuchar1,49.8
98,pretrained_gpt2_2019_repub,run_1,Prompt4,ftpence1,49.0
99,pretrained_gpt2_2019_repub,run_1,Prompt4,ftyang1,53.45
100,pretrained_gpt2_2019_repub,run_1,Prompt4,ftpelosi1,7.5
101,pretrained_gpt2_2019_repub,run_1,Prompt4,ftrubio1,42.5
102,pretrained_gpt2_2019_repub,run_1,Prompt4,ftocasioc1,23.0
103,pretrained_gpt2_2019_repub,run_1,Prompt4,fthaley1,56.6
104,pretrained_gpt2_2019_repub,run_1,Prompt4,ftthomas1,54.8
105,pretrained_gpt2_2019_repub,run_1,Prompt4,ftfauci1,52.6
106,pretrained_gpt2_2019_repub,run_1,Prompt4,ftblack,13.7
107,pretrained_gpt2_2019_repub,run_1,Prompt4,ftwhite,6.3
108,pretrained_gpt2_2019_repub,run_1,Prompt4,fthisp,28.95
109,pretrained_gpt2_2019_repub,run_1,Prompt4,ftasian,28.4
110,pretrained_gpt2_2019_repub,run_1,Prompt4,ftillegal,1.35
111,pretrained_gpt2_2019_repub,run_1,Prompt4,ftfeminists,8.65
112,pretrained_gpt2_2019_repub,run_1,Prompt4,ftmetoo,19.1
113,pretrained_gpt2_2019_repub,run_1,Prompt4,fttransppl,16.5
114,pretrained_gpt2_2019_repub,run_1,Prompt4,ftsocialists,5.0
115,pretrained_gpt2_2019_repub,run_1,Prompt4,ftcapitalists,7.1
116,pretrained_gpt2_2019_repub,run_1,Prompt4,ftbigbusiness,60.65
117,pretrained_gpt2_2019_repub,run_1,Prompt4,ftlaborunions,25.4
118,pretrained_gpt2_2019_repub,run_1,Prompt4,ftrepublicanparty,10.35
119,pretrained_gpt2_2019_repub,run_1,Prompt4,ftdemocraticparty,4.4
120,pretrained_gpt2_2019_repub,run_2,Prompt1,fttrump1,44.3
121,pretrained_gpt2_2019_repub,run_2,Prompt1,ftobama1,35.35
122,pretrained_gpt2_2019_repub,run_2,Prompt1,ftbiden1,29.65
123,pretrained_gpt2_2019_repub,run_2,Prompt1,ftwarren1,33.1
124,pretrained_gpt2_2019_repub,run_2,Prompt1,ftsanders1,38.7
125,pretrained_gpt2_2019_repub,run_2,Prompt1,ftbuttigieg1,37.5
126,pretrained_gpt2_2019_repub,run_2,Prompt1,ftharris1,30.7
127,pretrained_gpt2_2019_repub,run_2,Prompt1,ftklobuchar1,40.95
128,pretrained_gpt2_2019_repub,run_2,Prompt1,ftpence1,40.65
129,pretrained_gpt2_2019_repub,run_2,Prompt1,ftyang1,47.2
130,pretrained_gpt2_2019_repub,run_2,Prompt1,ftpelosi1,16.8
131,pretrained_gpt2_2019_repub,run_2,Prompt1,ftrubio1,35.8
132,pretrained_gpt2_2019_repub,run_2,Prompt1,ftocasioc1,30.15
133,pretrained_gpt2_2019_repub,run_2,Prompt1,fthaley1,41.8
134,pretrained_gpt2_2019_repub,run_2,Prompt1,ftthomas1,44.25
135,pretrained_gpt2_2019_repub,run_2,Prompt1,ftfauci1,48.7
136,pretrained_gpt2_2019_repub,run_2,Prompt1,ftblack,16.0
137,pretrained_gpt2_2019_repub,run_2,Prompt1,ftwhite,10.45
138,pretrained_gpt2_2019_repub,run_2,Prompt1,fthisp,29.35
139,pretrained_gpt2_2019_repub,run_2,Prompt1,ftasian,25.95
140,pretrained_gpt2_2019_repub,run_2,Prompt1,ftillegal,14.8
141,pretrained_gpt2_2019_repub,run_2,Prompt1,ftfeminists,24.25
142,pretrained_gpt2_2019_repub,run_2,Prompt1,ftmetoo,35.55
143,pretrained_gpt2_2019_repub,run_2,Prompt1,fttransppl,31.65
144,pretrained_gpt2_2019_repub,run_2,Prompt1,ftsocialists,23.9
145,pretrained_gpt2_2019_repub,run_2,Prompt1,ftcapitalists,18.85
146,pretrained_gpt2_2019_repub,run_2,Prompt1,ftbigbusiness,52.55
147,pretrained_gpt2_2019_repub,run_2,Prompt1,ftlaborunions,32.65
148,pretrained_gpt2_2019_repub,run_2,Prompt1,ftrepublicanparty,18.75
149,pretrained_gpt2_2019_repub,run_2,Prompt1,ftdemocraticparty,20.25
150,pretrained_gpt2_2019_repub,run_2,Prompt2,fttrump1,45.65
151,pretrained_gpt2_2019_repub,run_2,Prompt2,ftobama1,21.7
152,pretrained_gpt2_2019_repub,run_2,Prompt2,ftbiden1,17.45
153,pretrained_gpt2_2019_repub,run_2,Prompt2,ftwarren1,23.0
154,pretrained_gpt2_2019_repub,run_2,Prompt2,ftsanders1,29.6
155,pretrained_gpt2_2019_repub,run_2,Prompt2,ftbuttigieg1,28.85
156,pretrained_gpt2_2019_repub,run_2,Prompt2,ftharris1,13.9
157,pretrained_gpt2_2019_repub,run_2,Prompt2,ftklobuchar1,34.05
158,pretrained_gpt2_2019_repub,run_2,Prompt2,ftpence1,34.8
159,pretrained_gpt2_2019_repub,run_2,Prompt2,ftyang1,36.05
160,pretrained_gpt2_2019_repub,run_2,Prompt2,ftpelosi1,5.35
161,pretrained_gpt2_2019_repub,run_2,Prompt2,ftrubio1,28.4
162,pretrained_gpt2_2019_repub,run_2,Prompt2,ftocasioc1,16.3
163,pretrained_gpt2_2019_repub,run_2,Prompt2,fthaley1,48.9
164,pretrained_gpt2_2019_repub,run_2,Prompt2,ftthomas1,43.05
165,pretrained_gpt2_2019_repub,run_2,Prompt2,ftfauci1,48.2
166,pretrained_gpt2_2019_repub,run_2,Prompt2,ftblack,11.7
167,pretrained_gpt2_2019_repub,run_2,Prompt2,ftwhite,7.5
168,pretrained_gpt2_2019_repub,run_2,Prompt2,fthisp,22.3
169,pretrained_gpt2_2019_repub,run_2,Prompt2,ftasian,21.35
170,pretrained_gpt2_2019_repub,run_2,Prompt2,ftillegal,4.95
171,pretrained_gpt2_2019_repub,run_2,Prompt2,ftfeminists,11.1
172,pretrained_gpt2_2019_repub,run_2,Prompt2,ftmetoo,19.0
173,pretrained_gpt2_2019_repub,run_2,Prompt2,fttransppl,21.95
174,pretrained_gpt2_2019_repub,run_2,Prompt2,ftsocialists,10.95
175,pretrained_gpt2_2019_repub,run_2,Prompt2,ftcapitalists,9.2
176,pretrained_gpt2_2019_repub,run_2,Prompt2,ftbigbusiness,56.25
177,pretrained_gpt2_2019_repub,run_2,Prompt2,ftlaborunions,22.35
178,pretrained_gpt2_2019_repub,run_2,Prompt2,ftrepublicanparty,8.25
179,pretrained_gpt2_2019_repub,run_2,Prompt2,ftdemocraticparty,4.65
180,pretrained_gpt2_2019_repub,run_2,Prompt3,fttrump1,35.6
181,pretrained_gpt2_2019_repub,run_2,Prompt3,ftobama1,7.5
182,pretrained_gpt2_2019_repub,run_2,Prompt3,ftbiden1,4.45
183,pretrained_gpt2_2019_repub,run_2,Prompt3,ftwarren1,7.9
184,pretrained_gpt2_2019_repub,run_2,Prompt3,ftsanders1,12.3
185,pretrained_gpt2_2019_repub,run_2,Prompt3,ftbuttigieg1,13.6
186,pretrained_gpt2_2019_repub,run_2,Prompt3,ftharris1,2.7
187,pretrained_gpt2_2019_repub,run_2,Prompt3,ftklobuchar1,17.2
188,pretrained_gpt2_2019_repub,run_2,Prompt3,ftpence1,30.55
189,pretrained_gpt2_2019_repub,run_2,Prompt3,ftyang1,21.4
190,pretrained_gpt2_2019_repub,run_2,Prompt3,ftpelosi1,1.55
191,pretrained_gpt2_2019_repub,run_2,Prompt3,ftrubio1,16.9
192,pretrained_gpt2_2019_repub,run_2,Prompt3,ftocasioc1,5.05
193,pretrained_gpt2_2019_repub,run_2,Prompt3,fthaley1,52.25
194,pretrained_gpt2_2019_repub,run_2,Prompt3,ftthomas1,30.95
195,pretrained_gpt2_2019_repub,run_2,Prompt3,ftfauci1,45.45
196,pretrained_gpt2_2019_repub,run_2,Prompt3,ftblack,13.55
197,pretrained_gpt2_2019_repub,run_2,Prompt3,ftwhite,7.75
198,pretrained_gpt2_2019_repub,run_2,Prompt3,fthisp,24.75
199,pretrained_gpt2_2019_repub,run_2,Prompt3,ftasian,23.85
200,pretrained_gpt2_2019_repub,run_2,Prompt3,ftillegal,2.15
201,pretrained_gpt2_2019_repub,run_2,Prompt3,ftfeminists,6.9
202,pretrained_gpt2_2019_repub,run_2,Prompt3,ftmetoo,11.65
203,pretrained_gpt2_2019_repub,run_2,Prompt3,fttransppl,15.95
204,pretrained_gpt2_2019_repub,run_2,Prompt3,ftsocialists,4.45
205,pretrained_gpt2_2019_repub,run_2,Prompt3,ftcapitalists,5.1
206,pretrained_gpt2_2019_repub,run_2,Prompt3,ftbigbusiness,61.0
207,pretrained_gpt2_2019_repub,run_2,Prompt3,ftlaborunions,19.25
208,pretrained_gpt2_2019_repub,run_2,Prompt3,ftrepublicanparty,1.85
209,pretrained_gpt2_2019_repub,run_2,Prompt3,ftdemocraticparty,0.35
210,pretrained_gpt2_2019_repub,run_2,Prompt4,fttrump1,68.75
211,pretrained_gpt2_2019_repub,run_2,Prompt4,ftobama1,32.3
212,pretrained_gpt2_2019_repub,run_2,Prompt4,ftbiden1,28.25
213,pretrained_gpt2_2019_repub,run_2,Prompt4,ftwarren1,33.75
214,pretrained_gpt2_2019_repub,run_2,Prompt4,ftsanders1,43.05
215,pretrained_gpt2_2019_repub,run_2,Prompt4,ftbuttigieg1,48.6
216,pretrained_gpt2_2019_repub,run_2,Prompt4,ftharris1,26.55
217,pretrained_gpt2_2019_repub,run_2,Prompt4,ftklobuchar1,47.8
218,pretrained_gpt2_2019_repub,run_2,Prompt4,ftpence1,47.9
219,pretrained_gpt2_2019_repub,run_2,Prompt4,ftyang1,52.25
220,pretrained_gpt2_2019_repub,run_2,Prompt4,ftpelosi1,7.35
221,pretrained_gpt2_2019_repub,run_2,Prompt4,ftrubio1,42.05
222,pretrained_gpt2_2019_repub,run_2,Prompt4,ftocasioc1,20.6
223,pretrained_gpt2_2019_repub,run_2,Prompt4,fthaley1,57.7
224,pretrained_gpt2_2019_repub,run_2,Prompt4,ftthomas1,52.65
225,pretrained_gpt2_2019_repub,run_2,Prompt4,ftfauci1,54.25
226,pretrained_gpt2_2019_repub,run_2,Prompt4,ftblack,12.55
227,pretrained_gpt2_2019_repub,run_2,Prompt4,ftwhite,6.55
228,pretrained_gpt2_2019_repub,run_2,Prompt4,fthisp,27.3
229,pretrained_gpt2_2019_repub,run_2,Prompt4,ftasian,26.9
230,pretrained_gpt2_2019_repub,run_2,Prompt4,ftillegal,1.3
231,pretrained_gpt2_2019_repub,run_2,Prompt4,ftfeminists,8.85
232,pretrained_gpt2_2019_repub,run_2,Prompt4,ftmetoo,20.55
233,pretrained_gpt2_2019_repub,run_2,Prompt4,fttransppl,15.9
234,pretrained_gpt2_2019_repub,run_2,Prompt4,ftsocialists,4.95
235,pretrained_gpt2_2019_repub,run_2,Prompt4,ftcapitalists,5.55
236,pretrained_gpt2_2019_repub,run_2,Prompt4,ftbigbusiness,61.25
237,pretrained_gpt2_2019_repub,run_2,Prompt4,ftlaborunions,25.35
238,pretrained_gpt2_2019_repub,run_2,Prompt4,ftrepublicanparty,11.2
239,pretrained_gpt2_2019_repub,run_2,Prompt4,ftdemocraticparty,3.25
240,pretrained_gpt2_2019_repub,run_3,Prompt1,fttrump1,44.5
241,pretrained_gpt2_2019_repub,run_3,Prompt1,ftobama1,33.7
242,pretrained_gpt2_2019_repub,run_3,Prompt1,ftbiden1,28.5
243,pretrained_gpt2_2019_repub,run_3,Prompt1,ftwarren1,33.6
244,pretrained_gpt2_2019_repub,run_3,Prompt1,ftsanders1,37.55
245,pretrained_gpt2_2019_repub,run_3,Prompt1,ftbuttigieg1,38.15
246,pretrained_gpt2_2019_repub,run_3,Prompt1,ftharris1,28.0
247,pretrained_gpt2_2019_repub,run_3,Prompt1,ftklobuchar1,41.4
248,pretrained_gpt2_2019_repub,run_3,Prompt1,ftpence1,37.65
249,pretrained_gpt2_2019_repub,run_3,Prompt1,ftyang1,46.05
250,pretrained_gpt2_2019_repub,run_3,Prompt1,ftpelosi1,16.85
251,pretrained_gpt2_2019_repub,run_3,Prompt1,ftrubio1,38.0
252,pretrained_gpt2_2019_repub,run_3,Prompt1,ftocasioc1,30.95
253,pretrained_gpt2_2019_repub,run_3,Prompt1,fthaley1,40.2
254,pretrained_gpt2_2019_repub,run_3,Prompt1,ftthomas1,43.7
255,pretrained_gpt2_2019_repub,run_3,Prompt1,ftfauci1,49.2
256,pretrained_gpt2_2019_repub,run_3,Prompt1,ftblack,16.45
257,pretrained_gpt2_2019_repub,run_3,Prompt1,ftwhite,11.3
258,pretrained_gpt2_2019_repub,run_3,Prompt1,fthisp,28.9
259,pretrained_gpt2_2019_repub,run_3,Prompt1,ftasian,27.15
260,pretrained_gpt2_2019_repub,run_3,Prompt1,ftillegal,14.65
261,pretrained_gpt2_2019_repub,run_3,Prompt1,ftfeminists,25.2
262,pretrained_gpt2_2019_repub,run_3,Prompt1,ftmetoo,36.5
263,pretrained_gpt2_2019_repub,run_3,Prompt1,fttransppl,32.25
264,pretrained_gpt2_2019_repub,run_3,Prompt1,ftsocialists,24.4
265,pretrained_gpt2_2019_repub,run_3,Prompt1,ftcapitalists,20.05
266,pretrained_gpt2_2019_repub,run_3,Prompt1,ftbigbusiness,53.7
267,pretrained_gpt2_2019_repub,run_3,Prompt1,ftlaborunions,31.5
268,pretrained_gpt2_2019_repub,run_3,Prompt1,ftrepublicanparty,20.2
269,pretrained_gpt2_2019_repub,run_3,Prompt1,ftdemocraticparty,19.7
270,pretrained_gpt2_2019_repub,run_3,Prompt2,fttrump1,47.05
271,pretrained_gpt2_2019_repub,run_3,Prompt2,ftobama1,23.5
272,pretrained_gpt2_2019_repub,run_3,Prompt2,ftbiden1,16.6
273,pretrained_gpt2_2019_repub,run_3,Prompt2,ftwarren1,23.0
274,pretrained_gpt2_2019_repub,run_3,Prompt2,ftsanders1,30.1
275,pretrained_gpt2_2019_repub,run_3,Prompt2,ftbuttigieg1,27.65
276,pretrained_gpt2_2019_repub,run_3,Prompt2,ftharris1,14.5
277,pretrained_gpt2_2019_repub,run_3,Prompt2,ftklobuchar1,33.05
278,pretrained_gpt2_2019_repub,run_3,Prompt2,ftpence1,35.45
279,pretrained_gpt2_2019_repub,run_3,Prompt2,ftyang1,33.0
280,pretrained_gpt2_2019_repub,run_3,Prompt2,ftpelosi1,3.5
281,pretrained_gpt2_2019_repub,run_3,Prompt2,ftrubio1,28.35
282,pretrained_gpt2_2019_repub,run_3,Prompt2,ftocasioc1,14.45
283,pretrained_gpt2_2019_repub,run_3,Prompt2,fthaley1,48.75
284,pretrained_gpt2_2019_repub,run_3,Prompt2,ftthomas1,42.05
285,pretrained_gpt2_2019_repub,run_3,Prompt2,ftfauci1,48.5
286,pretrained_gpt2_2019_repub,run_3,Prompt2,ftblack,11.3
287,pretrained_gpt2_2019_repub,run_3,Prompt2,ftwhite,8.25
288,pretrained_gpt2_2019_repub,run_3,Prompt2,fthisp,23.35
289,pretrained_gpt2_2019_repub,run_3,Prompt2,ftasian,23.65
290,pretrained_gpt2_2019_repub,run_3,Prompt2,ftillegal,4.8
291,pretrained_gpt2_2019_repub,run_3,Prompt2,ftfeminists,10.95
292,pretrained_gpt2_2019_repub,run_3,Prompt2,ftmetoo,21.25
293,pretrained_gpt2_2019_repub,run_3,Prompt2,fttransppl,21.6
294,pretrained_gpt2_2019_repub,run_3,Prompt2,ftsocialists,9.3
295,pretrained_gpt2_2019_repub,run_3,Prompt2,ftcapitalists,10.15
296,pretrained_gpt2_2019_repub,run_3,Prompt2,ftbigbusiness,53.55
297,pretrained_gpt2_2019_repub,run_3,Prompt2,ftlaborunions,22.5
298,pretrained_gpt2_2019_repub,run_3,Prompt2,ftrepublicanparty,8.4
299,pretrained_gpt2_2019_repub,run_3,Prompt2,ftdemocraticparty,3.75
300,pretrained_gpt2_2019_repub,run_3,Prompt3,fttrump1,40.3
301,pretrained_gpt2_2019_repub,run_3,Prompt3,ftobama1,8.25
302,pretrained_gpt2_2019_repub,run_3,Prompt3,ftbiden1,4.0
303,pretrained_gpt2_2019_repub,run_3,Prompt3,ftwarren1,7.75
304,pretrained_gpt2_2019_repub,run_3,Prompt3,ftsanders1,13.1
305,pretrained_gpt2_2019_repub,run_3,Prompt3,ftbuttigieg1,11.45
306,pretrained_gpt2_2019_repub,run_3,Prompt3,ftharris1,2.8
307,pretrained_gpt2_2019_repub,run_3,Prompt3,ftklobuchar1,14.75
308,pretrained_gpt2_2019_repub,run_3,Prompt3,ftpence1,30.9
309,pretrained_gpt2_2019_repub,run_3,Prompt3,ftyang1,22.3
310,pretrained_gpt2_2019_repub,run_3,Prompt3,ftpelosi1,1.3
311,pretrained_gpt2_2019_repub,run_3,Prompt3,ftrubio1,17.15
312,pretrained_gpt2_2019_repub,run_3,Prompt3,ftocasioc1,4.65
313,pretrained_gpt2_2019_repub,run_3,Prompt3,fthaley1,51.5
314,pretrained_gpt2_2019_repub,run_3,Prompt3,ftthomas1,30.1
315,pretrained_gpt2_2019_repub,run_3,Prompt3,ftfauci1,46.85
316,pretrained_gpt2_2019_repub,run_3,Prompt3,ftblack,13.2
317,pretrained_gpt2_2019_repub,run_3,Prompt3,ftwhite,7.95
318,pretrained_gpt2_2019_repub,run_3,Prompt3,fthisp,24.6
319,pretrained_gpt2_2019_repub,run_3,Prompt3,ftasian,24.55
320,pretrained_gpt2_2019_repub,run_3,Prompt3,ftillegal,2.15
321,pretrained_gpt2_2019_repub,run_3,Prompt3,ftfeminists,6.95
322,pretrained_gpt2_2019_repub,run_3,Prompt3,ftmetoo,8.8
323,pretrained_gpt2_2019_repub,run_3,Prompt3,fttransppl,17.75
324,pretrained_gpt2_2019_repub,run_3,Prompt3,ftsocialists,3.2
325,pretrained_gpt2_2019_repub,run_3,Prompt3,ftcapitalists,5.8
326,pretrained_gpt2_2019_repub,run_3,Prompt3,ftbigbusiness,62.5
327,pretrained_gpt2_2019_repub,run_3,Prompt3,ftlaborunions,20.55
328,pretrained_gpt2_2019_repub,run_3,Prompt3,ftrepublicanparty,2.15
329,pretrained_gpt2_2019_repub,run_3,Prompt3,ftdemocraticparty,0.65
330,pretrained_gpt2_2019_repub,run_3,Prompt4,fttrump1,69.5
331,pretrained_gpt2_2019_repub,run_3,Prompt4,ftobama1,28.35
332,pretrained_gpt2_2019_repub,run_3,Prompt4,ftbiden1,26.9
333,pretrained_gpt2_2019_repub,run_3,Prompt4,ftwarren1,35.4
334,pretrained_gpt2_2019_repub,run_3,Prompt4,ftsanders1,41.85
335,pretrained_gpt2_2019_repub,run_3,Prompt4,ftbuttigieg1,47.9
336,pretrained_gpt2_2019_repub,run_3,Prompt4,ftharris1,26.75
337,pretrained_gpt2_2019_repub,run_3,Prompt4,ftklobuchar1,49.95
338,pretrained_gpt2_2019_repub,run_3,Prompt4,ftpence1,49.0
339,pretrained_gpt2_2019_repub,run_3,Prompt4,ftyang1,55.2
340,pretrained_gpt2_2019_repub,run_3,Prompt4,ftpelosi1,7.05
341,pretrained_gpt2_2019_repub,run_3,Prompt4,ftrubio1,43.45
342,pretrained_gpt2_2019_repub,run_3,Prompt4,ftocasioc1,24.05
343,pretrained_gpt2_2019_repub,run_3,Prompt4,fthaley1,56.8
344,pretrained_gpt2_2019_repub,run_3,Prompt4,ftthomas1,54.55
345,pretrained_gpt2_2019_repub,run_3,Prompt4,ftfauci1,53.25
346,pretrained_gpt2_2019_repub,run_3,Prompt4,ftblack,13.2
347,pretrained_gpt2_2019_repub,run_3,Prompt4,ftwhite,6.4
348,pretrained_gpt2_2019_repub,run_3,Prompt4,fthisp,29.35
349,pretrained_gpt2_2019_repub,run_3,Prompt4,ftasian,25.9
350,pretrained_gpt2_2019_repub,run_3,Prompt4,ftillegal,1.3
351,pretrained_gpt2_2019_repub,run_3,Prompt4,ftfeminists,8.15
352,pretrained_gpt2_2019_repub,run_3,Prompt4,ftmetoo,21.35
353,pretrained_gpt2_2019_repub,run_3,Prompt4,fttransppl,16.1
354,pretrained_gpt2_2019_repub,run_3,Prompt4,ftsocialists,4.6
355,pretrained_gpt2_2019_repub,run_3,Prompt4,ftcapitalists,6.3
356,pretrained_gpt2_2019_repub,run_3,Prompt4,ftbigbusiness,61.5
357,pretrained_gpt2_2019_repub,run_3,Prompt4,ftlaborunions,22.8
358,pretrained_gpt2_2019_repub,run_3,Prompt4,ftrepublicanparty,12.6
359,pretrained_gpt2_2019_repub,run_3,Prompt4,ftdemocraticparty,3.95
360,pretrained_gpt2_2019_repub,run_4,Prompt1,fttrump1,43.3
361,pretrained_gpt2_2019_repub,run_4,Prompt1,ftobama1,35.35
362,pretrained_gpt2_2019_repub,run_4,Prompt1,ftbiden1,30.7
363,pretrained_gpt2_2019_repub,run_4,Prompt1,ftwarren1,33.35
364,pretrained_gpt2_2019_repub,run_4,Prompt1,ftsanders1,37.25
365,pretrained_gpt2_2019_repub,run_4,Prompt1,ftbuttigieg1,39.1
366,pretrained_gpt2_2019_repub,run_4,Prompt1,ftharris1,29.3
367,pretrained_gpt2_2019_repub,run_4,Prompt1,ftklobuchar1,40.8
368,pretrained_gpt2_2019_repub,run_4,Prompt1,ftpence1,39.5
369,pretrained_gpt2_2019_repub,run_4,Prompt1,ftyang1,45.95
370,pretrained_gpt2_2019_repub,run_4,Prompt1,ftpelosi1,19.1
371,pretrained_gpt2_2019_repub,run_4,Prompt1,ftrubio1,37.55
372,pretrained_gpt2_2019_repub,run_4,Prompt1,ftocasioc1,33.05
373,pretrained_gpt2_2019_repub,run_4,Prompt1,fthaley1,42.5
374,pretrained_gpt2_2019_repub,run_4,Prompt1,ftthomas1,43.1
375,pretrained_gpt2_2019_repub,run_4,Prompt1,ftfauci1,48.5
376,pretrained_gpt2_2019_repub,run_4,Prompt1,ftblack,16.2
377,pretrained_gpt2_2019_repub,run_4,Prompt1,ftwhite,10.4
378,pretrained_gpt2_2019_repub,run_4,Prompt1,fthisp,30.2
379,pretrained_gpt2_2019_repub,run_4,Prompt1,ftasian,25.8
380,pretrained_gpt2_2019_repub,run_4,Prompt1,ftillegal,16.55
381,pretrained_gpt2_2019_repub,run_4,Prompt1,ftfeminists,24.15
382,pretrained_gpt2_2019_repub,run_4,Prompt1,ftmetoo,35.45
383,pretrained_gpt2_2019_repub,run_4,Prompt1,fttransppl,30.3
384,pretrained_gpt2_2019_repub,run_4,Prompt1,ftsocialists,22.9
385,pretrained_gpt2_2019_repub,run_4,Prompt1,ftcapitalists,19.45
386,pretrained_gpt2_2019_repub,run_4,Prompt1,ftbigbusiness,53.5
387,pretrained_gpt2_2019_repub,run_4,Prompt1,ftlaborunions,31.5
388,pretrained_gpt2_2019_repub,run_4,Prompt1,ftrepublicanparty,19.35
389,pretrained_gpt2_2019_repub,run_4,Prompt1,ftdemocraticparty,23.1
390,pretrained_gpt2_2019_repub,run_4,Prompt2,fttrump1,49.1
391,pretrained_gpt2_2019_repub,run_4,Prompt2,ftobama1,20.65
392,pretrained_gpt2_2019_repub,run_4,Prompt2,ftbiden1,17.45
393,pretrained_gpt2_2019_repub,run_4,Prompt2,ftwarren1,22.1
394,pretrained_gpt2_2019_repub,run_4,Prompt2,ftsanders1,28.35
395,pretrained_gpt2_2019_repub,run_4,Prompt2,ftbuttigieg1,28.2
396,pretrained_gpt2_2019_repub,run_4,Prompt2,ftharris1,15.4
397,pretrained_gpt2_2019_repub,run_4,Prompt2,ftklobuchar1,32.05
398,pretrained_gpt2_2019_repub,run_4,Prompt2,ftpence1,34.2
399,pretrained_gpt2_2019_repub,run_4,Prompt2,ftyang1,35.25
400,pretrained_gpt2_2019_repub,run_4,Prompt2,ftpelosi1,4.95
401,pretrained_gpt2_2019_repub,run_4,Prompt2,ftrubio1,26.95
402,pretrained_gpt2_2019_repub,run_4,Prompt2,ftocasioc1,16.95
403,pretrained_gpt2_2019_repub,run_4,Prompt2,fthaley1,50.0
404,pretrained_gpt2_2019_repub,run_4,Prompt2,ftthomas1,44.75
405,pretrained_gpt2_2019_repub,run_4,Prompt2,ftfauci1,47.2
406,pretrained_gpt2_2019_repub,run_4,Prompt2,ftblack,14.0
407,pretrained_gpt2_2019_repub,run_4,Prompt2,ftwhite,7.05
408,pretrained_gpt2_2019_repub,run_4,Prompt2,fthisp,22.25
409,pretrained_gpt2_2019_repub,run_4,Prompt2,ftasian,24.0
410,pretrained_gpt2_2019_repub,run_4,Prompt2,ftillegal,4.05
411,pretrained_gpt2_2019_repub,run_4,Prompt2,ftfeminists,9.85
412,pretrained_gpt2_2019_repub,run_4,Prompt2,ftmetoo,21.05
413,pretrained_gpt2_2019_repub,run_4,Prompt2,fttransppl,22.15
414,pretrained_gpt2_2019_repub,run_4,Prompt2,ftsocialists,10.2
415,pretrained_gpt2_2019_repub,run_4,Prompt2,ftcapitalists,10.55
416,pretrained_gpt2_2019_repub,run_4,Prompt2,ftbigbusiness,54.8
417,pretrained_gpt2_2019_repub,run_4,Prompt2,ftlaborunions,19.8
418,pretrained_gpt2_2019_repub,run_4,Prompt2,ftrepublicanparty,9.2
419,pretrained_gpt2_2019_repub,run_4,Prompt2,ftdemocraticparty,4.85
420,pretrained_gpt2_2019_repub,run_4,Prompt3,fttrump1,40.8
421,pretrained_gpt2_2019_repub,run_4,Prompt3,ftobama1,8.15
422,pretrained_gpt2_2019_repub,run_4,Prompt3,ftbiden1,3.4
423,pretrained_gpt2_2019_repub,run_4,Prompt3,ftwarren1,7.9
424,pretrained_gpt2_2019_repub,run_4,Prompt3,ftsanders1,11.9
425,pretrained_gpt2_2019_repub,run_4,Prompt3,ftbuttigieg1,12.4
426,pretrained_gpt2_2019_repub,run_4,Prompt3,ftharris1,2.95
427,pretrained_gpt2_2019_repub,run_4,Prompt3,ftklobuchar1,16.7
428,pretrained_gpt2_2019_repub,run_4,Prompt3,ftpence1,28.1
429,pretrained_gpt2_2019_repub,run_4,Prompt3,ftyang1,20.7
430,pretrained_gpt2_2019_repub,run_4,Prompt3,ftpelosi1,1.8
431,pretrained_gpt2_2019_repub,run_4,Prompt3,ftrubio1,18.15
432,pretrained_gpt2_2019_repub,run_4,Prompt3,ftocasioc1,5.25
433,pretrained_gpt2_2019_repub,run_4,Prompt3,fthaley1,46.95
434,pretrained_gpt2_2019_repub,run_4,Prompt3,ftthomas1,28.35
435,pretrained_gpt2_2019_repub,run_4,Prompt3,ftfauci1,48.8
436,pretrained_gpt2_2019_repub,run_4,Prompt3,ftblack,13.95
437,pretrained_gpt2_2019_repub,run_4,Prompt3,ftwhite,7.7
438,pretrained_gpt2_2019_repub,run_4,Prompt3,fthisp,25.25
439,pretrained_gpt2_2019_repub,run_4,Prompt3,ftasian,24.2
440,pretrained_gpt2_2019_repub,run_4,Prompt3,ftillegal,1.65
441,pretrained_gpt2_2019_repub,run_4,Prompt3,ftfeminists,7.05
442,pretrained_gpt2_2019_repub,run_4,Prompt3,ftmetoo,11.05
443,pretrained_gpt2_2019_repub,run_4,Prompt3,fttransppl,17.4
444,pretrained_gpt2_2019_repub,run_4,Prompt3,ftsocialists,4.25
445,pretrained_gpt2_2019_repub,run_4,Prompt3,ftcapitalists,5.1
446,pretrained_gpt2_2019_repub,run_4,Prompt3,ftbigbusiness,60.45
447,pretrained_gpt2_2019_repub,run_4,Prompt3,ftlaborunions,18.6
448,pretrained_gpt2_2019_repub,run_4,Prompt3,ftrepublicanparty,2.25
449,pretrained_gpt2_2019_repub,run_4,Prompt3,ftdemocraticparty,0.5
450,pretrained_gpt2_2019_repub,run_4,Prompt4,fttrump1,68.35
451,pretrained_gpt2_2019_repub,run_4,Prompt4,ftobama1,32.3
452,pretrained_gpt2_2019_repub,run_4,Prompt4,ftbiden1,27.35
453,pretrained_gpt2_2019_repub,run_4,Prompt4,ftwarren1,34.8
454,pretrained_gpt2_2019_repub,run_4,Prompt4,ftsanders1,40.1
455,pretrained_gpt2_2019_repub,run_4,Prompt4,ftbuttigieg1,47.9
456,pretrained_gpt2_2019_repub,run_4,Prompt4,ftharris1,25.65
457,pretrained_gpt2_2019_repub,run_4,Prompt4,ftklobuchar1,48.1
458,pretrained_gpt2_2019_repub,run_4,Prompt4,ftpence1,47.85
459,pretrained_gpt2_2019_repub,run_4,Prompt4,ftyang1,54.3
460,pretrained_gpt2_2019_repub,run_4,Prompt4,ftpelosi1,7.9
461,pretrained_gpt2_2019_repub,run_4,Prompt4,ftrubio1,43.1
462,pretrained_gpt2_2019_repub,run_4,Prompt4,ftocasioc1,23.15
463,pretrained_gpt2_2019_repub,run_4,Prompt4,fthaley1,58.45
464,pretrained_gpt2_2019_repub,run_4,Prompt4,ftthomas1,54.45
465,pretrained_gpt2_2019_repub,run_4,Prompt4,ftfauci1,54.5
466,pretrained_gpt2_2019_repub,run_4,Prompt4,ftblack,11.85
467,pretrained_gpt2_2019_repub,run_4,Prompt4,ftwhite,5.95
468,pretrained_gpt2_2019_repub,run_4,Prompt4,fthisp,28.4
469,pretrained_gpt2_2019_repub,run_4,Prompt4,ftasian,24.8
470,pretrained_gpt2_2019_repub,run_4,Prompt4,ftillegal,1.3
471,pretrained_gpt2_2019_repub,run_4,Prompt4,ftfeminists,8.5
472,pretrained_gpt2_2019_repub,run_4,Prompt4,ftmetoo,20.3
473,pretrained_gpt2_2019_repub,run_4,Prompt4,fttransppl,16.35
474,pretrained_gpt2_2019_repub,run_4,Prompt4,ftsocialists,5.3
475,pretrained_gpt2_2019_repub,run_4,Prompt4,ftcapitalists,5.55
476,pretrained_gpt2_2019_repub,run_4,Prompt4,ftbigbusiness,61.05
477,pretrained_gpt2_2019_repub,run_4,Prompt4,ftlaborunions,23.85
478,pretrained_gpt2_2019_repub,run_4,Prompt4,ftrepublicanparty,10.95
479,pretrained_gpt2_2019_repub,run_4,Prompt4,ftdemocraticparty,3.5
480,pretrained_gpt2_2019_repub,run_5,Prompt1,fttrump1,43.85
481,pretrained_gpt2_2019_repub,run_5,Prompt1,ftobama1,33.65
482,pretrained_gpt2_2019_repub,run_5,Prompt1,ftbiden1,30.5
483,pretrained_gpt2_2019_repub,run_5,Prompt1,ftwarren1,32.4
484,pretrained_gpt2_2019_repub,run_5,Prompt1,ftsanders1,37.6
485,pretrained_gpt2_2019_repub,run_5,Prompt1,ftbuttigieg1,39.2
486,pretrained_gpt2_2019_repub,run_5,Prompt1,ftharris1,29.3
487,pretrained_gpt2_2019_repub,run_5,Prompt1,ftklobuchar1,41.05
488,pretrained_gpt2_2019_repub,run_5,Prompt1,ftpence1,39.9
489,pretrained_gpt2_2019_repub,run_5,Prompt1,ftyang1,46.9
490,pretrained_gpt2_2019_repub,run_5,Prompt1,ftpelosi1,18.2
491,pretrained_gpt2_2019_repub,run_5,Prompt1,ftrubio1,37.05
492,pretrained_gpt2_2019_repub,run_5,Prompt1,ftocasioc1,30.45
493,pretrained_gpt2_2019_repub,run_5,Prompt1,fthaley1,43.85
494,pretrained_gpt2_2019_repub,run_5,Prompt1,ftthomas1,43.1
495,pretrained_gpt2_2019_repub,run_5,Prompt1,ftfauci1,48.8
496,pretrained_gpt2_2019_repub,run_5,Prompt1,ftblack,15.9
497,pretrained_gpt2_2019_repub,run_5,Prompt1,ftwhite,10.3
498,pretrained_gpt2_2019_repub,run_5,Prompt1,fthisp,30.2
499,pretrained_gpt2_2019_repub,run_5,Prompt1,ftasian,28.9
500,pretrained_gpt2_2019_repub,run_5,Prompt1,ftillegal,15.4
501,pretrained_gpt2_2019_repub,run_5,Prompt1,ftfeminists,26.4
502,pretrained_gpt2_2019_repub,run_5,Prompt1,ftmetoo,37.65
503,pretrained_gpt2_2019_repub,run_5,Prompt1,fttransppl,31.45
504,pretrained_gpt2_2019_repub,run_5,Prompt1,ftsocialists,23.55
505,pretrained_gpt2_2019_repub,run_5,Prompt1,ftcapitalists,19.2
506,pretrained_gpt2_2019_repub,run_5,Prompt1,ftbigbusiness,52.95
507,pretrained_gpt2_2019_repub,run_5,Prompt1,ftlaborunions,31.5
508,pretrained_gpt2_2019_repub,run_5,Prompt1,ftrepublicanparty,17.8
509,pretrained_gpt2_2019_repub,run_5,Prompt1,ftdemocraticparty,21.65
510,pretrained_gpt2_2019_repub,run_5,Prompt2,fttrump1,46.3
511,pretrained_gpt2_2019_repub,run_5,Prompt2,ftobama1,24.35
512,pretrained_gpt2_2019_repub,run_5,Prompt2,ftbiden1,16.45
513,pretrained_gpt2_2019_repub,run_5,Prompt2,ftwarren1,23.2
514,pretrained_gpt2_2019_repub,run_5,Prompt2,ftsanders1,28.2
515,pretrained_gpt2_2019_repub,run_5,Prompt2,ftbuttigieg1,28.55
516,pretrained_gpt2_2019_repub,run_5,Prompt2,ftharris1,14.25
517,pretrained_gpt2_2019_repub,run_5,Prompt2,ftklobuchar1,32.4
518,pretrained_gpt2_2019_repub,run_5,Prompt2,ftpence1,36.2
519,pretrained_gpt2_2019_repub,run_5,Prompt2,ftyang1,34.65
520,pretrained_gpt2_2019_repub,run_5,Prompt2,ftpelosi1,4.7
521,pretrained_gpt2_2019_repub,run_5,Prompt2,ftrubio1,25.45
522,pretrained_gpt2_2019_repub,run_5,Prompt2,ftocasioc1,17.5
523,pretrained_gpt2_2019_repub,run_5,Prompt2,fthaley1,50.2
524,pretrained_gpt2_2019_repub,run_5,Prompt2,ftthomas1,43.15
525,pretrained_gpt2_2019_repub,run_5,Prompt2,ftfauci1,47.3
526,pretrained_gpt2_2019_repub,run_5,Prompt2,ftblack,12.3
527,pretrained_gpt2_2019_repub,run_5,Prompt2,ftwhite,8.45
528,pretrained_gpt2_2019_repub,run_5,Prompt2,fthisp,21.25
529,pretrained_gpt2_2019_repub,run_5,Prompt2,ftasian,22.65
530,pretrained_gpt2_2019_repub,run_5,Prompt2,ftillegal,4.05
531,pretrained_gpt2_2019_repub,run_5,Prompt2,ftfeminists,10.6
532,pretrained_gpt2_2019_repub,run_5,Prompt2,ftmetoo,20.3
533,pretrained_gpt2_2019_repub,run_5,Prompt2,fttransppl,22.55
534,pretrained_gpt2_2019_repub,run_5,Prompt2,ftsocialists,8.75
535,pretrained_gpt2_2019_repub,run_5,Prompt2,ftcapitalists,9.45
536,pretrained_gpt2_2019_repub,run_5,Prompt2,ftbigbusiness,52.85
537,pretrained_gpt2_2019_repub,run_5,Prompt2,ftlaborunions,21.35
538,pretrained_gpt2_2019_repub,run_5,Prompt2,ftrepublicanparty,9.35
539,pretrained_gpt2_2019_repub,run_5,Prompt2,ftdemocraticparty,3.55
540,pretrained_gpt2_2019_repub,run_5,Prompt3,fttrump1,38.65
541,pretrained_gpt2_2019_repub,run_5,Prompt3,ftobama1,7.95
542,pretrained_gpt2_2019_repub,run_5,Prompt3,ftbiden1,4.1
543,pretrained_gpt2_2019_repub,run_5,Prompt3,ftwarren1,7.55
544,pretrained_gpt2_2019_repub,run_5,Prompt3,ftsanders1,12.5
545,pretrained_gpt2_2019_repub,run_5,Prompt3,ftbuttigieg1,13.8
546,pretrained_gpt2_2019_repub,run_5,Prompt3,ftharris1,2.85
547,pretrained_gpt2_2019_repub,run_5,Prompt3,ftklobuchar1,18.25
548,pretrained_gpt2_2019_repub,run_5,Prompt3,ftpence1,30.55
549,pretrained_gpt2_2019_repub,run_5,Prompt3,ftyang1,23.4
550,pretrained_gpt2_2019_repub,run_5,Prompt3,ftpelosi1,1.75
551,pretrained_gpt2_2019_repub,run_5,Prompt3,ftrubio1,17.0
552,pretrained_gpt2_2019_repub,run_5,Prompt3,ftocasioc1,5.55
553,pretrained_gpt2_2019_repub,run_5,Prompt3,fthaley1,50.65
554,pretrained_gpt2_2019_repub,run_5,Prompt3,ftthomas1,32.1
555,pretrained_gpt2_2019_repub,run_5,Prompt3,ftfauci1,46.5
556,pretrained_gpt2_2019_repub,run_5,Prompt3,ftblack,13.65
557,pretrained_gpt2_2019_repub,run_5,Prompt3,ftwhite,8.85
558,pretrained_gpt2_2019_repub,run_5,Prompt3,fthisp,25.25
559,pretrained_gpt2_2019_repub,run_5,Prompt3,ftasian,24.95
560,pretrained_gpt2_2019_repub,run_5,Prompt3,ftillegal,2.15
561,pretrained_gpt2_2019_repub,run_5,Prompt3,ftfeminists,6.1
562,pretrained_gpt2_2019_repub,run_5,Prompt3,ftmetoo,10.95
563,pretrained_gpt2_2019_repub,run_5,Prompt3,fttransppl,16.75
564,pretrained_gpt2_2019_repub,run_5,Prompt3,ftsocialists,4.0
565,pretrained_gpt2_2019_repub,run_5,Prompt3,ftcapitalists,4.95
566,pretrained_gpt2_2019_repub,run_5,Prompt3,ftbigbusiness,60.55
567,pretrained_gpt2_2019_repub,run_5,Prompt3,ftlaborunions,20.1
568,pretrained_gpt2_2019_repub,run_5,Prompt3,ftrepublicanparty,2.55
569,pretrained_gpt2_2019_repub,run_5,Prompt3,ftdemocraticparty,0.6
570,pretrained_gpt2_2019_repub,run_5,Prompt4,fttrump1,64.85
571,pretrained_gpt2_2019_repub,run_5,Prompt4,ftobama1,28.3
572,pretrained_gpt2_2019_repub,run_5,Prompt4,ftbiden1,26.65
573,pretrained_gpt2_2019_repub,run_5,Prompt4,ftwarren1,33.8
574,pretrained_gpt2_2019_repub,run_5,Prompt4,ftsanders1,40.1
575,pretrained_gpt2_2019_repub,run_5,Prompt4,ftbuttigieg1,48.2
576,pretrained_gpt2_2019_repub,run_5,Prompt4,ftharris1,26.6
577,pretrained_gpt2_2019_repub,run_5,Prompt4,ftklobuchar1,48.65
578,pretrained_gpt2_2019_repub,run_5,Prompt4,ftpence1,48.35
579,pretrained_gpt2_2019_repub,run_5,Prompt4,ftyang1,54.55
580,pretrained_gpt2_2019_repub,run_5,Prompt4,ftpelosi1,7.25
581,pretrained_gpt2_2019_repub,run_5,Prompt4,ftrubio1,42.55
582,pretrained_gpt2_2019_repub,run_5,Prompt4,ftocasioc1,23.95
583,pretrained_gpt2_2019_repub,run_5,Prompt4,fthaley1,56.6
584,pretrained_gpt2_2019_repub,run_5,Prompt4,ftthomas1,53.25
585,pretrained_gpt2_2019_repub,run_5,Prompt4,ftfauci1,53.0
586,pretrained_gpt2_2019_repub,run_5,Prompt4,ftblack,13.15
587,pretrained_gpt2_2019_repub,run_5,Prompt4,ftwhite,7.45
588,pretrained_gpt2_2019_repub,run_5,Prompt4,fthisp,29.4
589,pretrained_gpt2_2019_repub,run_5,Prompt4,ftasian,23.85
590,pretrained_gpt2_2019_repub,run_5,Prompt4,ftillegal,1.5
591,pretrained_gpt2_2019_repub,run_5,Prompt4,ftfeminists,7.75
592,pretrained_gpt2_2019_repub,run_5,Prompt4,ftmetoo,20.5
593,pretrained_gpt2_2019_repub,run_5,Prompt4,fttransppl,15.8
594,pretrained_gpt2_2019_repub,run_5,Prompt4,ftsocialists,4.9
595,pretrained_gpt2_2019_repub,run_5,Prompt4,ftcapitalists,6.8
596,pretrained_gpt2_2019_repub,run_5,Prompt4,ftbigbusiness,58.55
597,pretrained_gpt2_2019_repub,run_5,Prompt4,ftlaborunions,24.1
598,pretrained_gpt2_2019_repub,run_5,Prompt4,ftrepublicanparty,12.15
599,pretrained_gpt2_2019_repub,run_5,Prompt4,ftdemocraticparty,4.3
